City_ID,City,Lat,Lng,Max Temp,Humidity,Cloudiness,Wind Speed,Country,Date
0,Luancheng,37.8792,114.6517,89.76,50,13,7.27,CN,2022-08-02 02:43:06
1,Busselton,-33.65,115.3333,54.39,68,94,25.39,AU,2022-08-02 02:43:07
2,Marzuq,14.4,46.4667,75.07,70,20,5.97,YE,2022-08-02 02:43:07
3,Husavik,66.0449,-17.3389,43.14,91,100,3.8,IS,2022-08-02 02:43:08
4,Puerto Ayora,-0.7393,-90.3518,70.56,94,61,10.0,EC,2022-08-02 02:43:08
5,Atherton,53.5237,-2.4935,67.42,96,100,3.0,GB,2022-08-02 02:43:08
6,Vaini,-21.2,-175.2,80.76,89,75,8.05,TO,2022-08-02 02:43:09
7,Ushuaia,-54.8,-68.3,47.86,57,20,11.5,AR,2022-08-02 02:40:33
8,Namibe,-15.1961,12.1522,55.47,66,86,8.95,AO,2022-08-02 02:43:09
9,Kapaa,22.0752,-159.319,89.58,66,40,20.71,US,2022-08-02 02:43:10
10,Manaure,11.7751,-72.4445,81.84,71,90,22.7,CO,2022-08-02 02:43:10
11,Havoysund,70.9963,24.6622,50.23,80,0,6.22,NO,2022-08-02 02:43:10
12,Bambous Virieux,-20.3428,57.7575,66.45,94,40,5.75,MU,2022-08-02 02:43:11
13,Nabire,-3.3667,135.4833,85.91,62,97,5.08,ID,2022-08-02 02:43:11
14,Susanville,40.4163,-120.653,75.09,42,0,14.0,US,2022-08-02 02:43:12
15,Saint George,37.1041,-113.5841,92.62,36,0,14.97,US,2022-08-02 02:43:12
16,Chateau-Gontier,47.8333,-0.7,61.52,78,93,4.65,FR,2022-08-02 02:43:12
17,Pemangkat,1.1667,108.9667,83.07,75,100,3.47,ID,2022-08-02 02:43:13
18,Ponta Do Sol,32.6667,-17.1,70.72,80,4,4.36,PT,2022-08-02 02:43:13
19,San Policarpo,12.1791,125.5072,82.69,78,100,1.14,PH,2022-08-02 02:43:14
20,Punta Arenas,-53.15,-70.9167,46.51,61,75,10.36,CL,2022-08-02 02:41:13
21,Sorong,-0.8833,131.25,81.66,76,100,6.4,ID,2022-08-02 02:43:15
22,Chuy,-33.6971,-53.4616,52.36,94,43,3.69,UY,2022-08-02 02:43:16
23,Sao Filipe,14.8961,-24.4956,75.79,85,53,7.94,CV,2022-08-02 02:43:16
24,Codrington,-38.2667,141.9667,57.09,63,100,20.47,AU,2022-08-02 02:43:16
25,Sao Felix Do Xingu,-6.6447,-51.995,77.38,62,70,0.6,BR,2022-08-02 02:43:17
26,Hobyo,5.3505,48.5268,75.07,82,6,18.66,SO,2022-08-02 02:43:17
27,Gat,31.61,34.7642,77.68,100,1,3.27,IL,2022-08-02 02:43:18
28,Nautla,20.2167,-96.7833,81.46,76,41,14.12,MX,2022-08-02 02:43:18
29,Port Alfred,-33.5906,26.891,55.22,67,49,9.62,ZA,2022-08-02 02:43:18
30,Hasaki,35.7333,140.8333,102.29,68,100,7.85,JP,2022-08-02 02:43:19
31,East London,-33.0153,27.9116,55.44,65,14,7.47,ZA,2022-08-02 02:43:19
32,Hobart,-42.8794,147.3294,58.26,57,40,18.41,AU,2022-08-02 02:40:37
33,Yerbogachen,61.2767,108.0108,75.96,61,56,7.16,RU,2022-08-02 02:43:20
34,Rorvik,64.8621,11.2373,53.37,71,25,5.95,NO,2022-08-02 02:43:20
35,Butaritari,3.0707,172.7902,81.97,75,82,21.25,KI,2022-08-02 02:43:21
36,Albany,42.6001,-73.9662,75.85,77,24,3.27,US,2022-08-02 02:39:17
37,Bethel,41.3712,-73.414,70.65,93,0,3.44,US,2022-08-02 02:43:21
38,Obo,5.3998,26.4869,65.57,93,99,3.11,CF,2022-08-02 02:43:22
39,Bubaque,11.2833,-15.8333,78.8,81,93,14.07,GW,2022-08-02 02:43:22
40,Port Elizabeth,-33.918,25.5701,48.31,85,0,2.3,ZA,2022-08-02 02:43:22
41,Mar Del Plata,-38.0023,-57.5575,53.1,81,0,5.01,AR,2022-08-02 02:42:28
42,Vostok,46.4856,135.8833,79.02,58,97,7.14,RU,2022-08-02 02:43:23
43,Jamestown,42.097,-79.2353,74.79,64,0,9.22,US,2022-08-02 02:38:32
44,Broome,42.2506,-75.833,73.78,79,0,9.22,US,2022-08-02 02:43:23
45,Port Lincoln,-34.7333,135.8667,51.94,86,100,32.64,AU,2022-08-02 02:43:23
46,Rikitea,-23.1203,-134.9692,73.26,73,8,25.28,PF,2022-08-02 02:43:24
47,Nelson Bay,-32.7167,152.15,65.1,49,0,5.99,AU,2022-08-02 02:40:09
48,Constitucion,-35.3333,-72.4167,48.34,83,42,6.13,CL,2022-08-02 02:44:24
49,Hermanus,-34.4187,19.2345,45.81,68,0,7.9,ZA,2022-08-02 02:44:24
50,Victoria,22.2855,114.1577,90.97,78,54,5.01,HK,2022-08-02 02:43:54
51,Upernavik,72.7868,-56.1549,44.76,73,100,3.65,GL,2022-08-02 02:43:31
52,Narsaq,60.9167,-46.05,48.42,71,100,2.55,GL,2022-08-02 02:44:25
53,Flinders,-34.5833,150.8552,69.19,47,0,4.0,AU,2022-08-02 02:44:25
54,Hilo,19.7297,-155.09,82.27,77,75,9.22,US,2022-08-02 02:44:26
55,Carnarvon,-24.8667,113.6333,66.54,59,92,15.46,AU,2022-08-02 02:43:21
56,Yazman,29.1212,71.7446,92.73,55,0,8.75,PK,2022-08-02 02:44:26
57,Tasiilaq,65.6145,-37.6368,41.16,62,3,3.67,GL,2022-08-02 02:43:30
58,Arkhipo-Osipovka,44.37,38.52,73.74,88,9,5.84,RU,2022-08-02 02:44:27
59,San Jose De Guanipa,8.8872,-64.1651,76.41,82,100,11.83,VE,2022-08-02 02:44:27
60,Bredasdorp,-34.5322,20.0403,43.84,85,0,3.4,ZA,2022-08-02 02:44:27
61,Tilichiki,60.4667,166.1,57.79,76,49,7.09,RU,2022-08-02 02:44:28
62,Honiara,-9.4333,159.95,87.4,61,75,9.33,SB,2022-08-02 02:44:06
63,Alice Springs,-23.7,133.8833,74.75,23,40,19.57,AU,2022-08-02 02:39:30
64,Luba,3.4568,8.5547,73.29,84,100,7.07,GQ,2022-08-02 02:44:28
65,Atuona,-9.8,-139.0333,77.81,70,25,15.41,PF,2022-08-02 02:44:29
66,Raudeberg,61.9875,5.1352,54.27,76,99,7.67,NO,2022-08-02 02:44:29
67,Gawler,-34.6,138.7333,61.21,55,100,19.17,AU,2022-08-02 02:44:29
68,Buzdyak,54.5833,54.55,61.32,88,10,9.42,RU,2022-08-02 02:44:30
69,Liuhe,42.2401,125.7172,86.02,67,1,3.96,CN,2022-08-02 02:44:30
70,Norman Wells,65.282,-126.8329,73.44,40,20,12.66,CA,2022-08-02 02:44:30
71,Beidao,34.5686,105.8933,84.25,50,23,16.11,CN,2022-08-02 02:44:31
72,Hami,42.8,93.45,91.54,22,57,14.25,CN,2022-08-02 02:44:31
73,Lebu,-37.6167,-73.65,45.59,84,2,11.36,CL,2022-08-02 02:44:31
74,West Wendover,40.7391,-114.0733,87.01,25,75,8.05,US,2022-08-02 02:44:31
75,Iqaluit,63.7506,-68.5145,44.33,93,75,2.3,CA,2022-08-02 02:44:32
76,Bluff,-46.6,168.3333,54.48,66,6,25.88,NZ,2022-08-02 02:44:32
77,Waingapu,-9.6567,120.2641,85.53,59,100,11.5,ID,2022-08-02 02:44:32
78,Elbistan,38.2059,37.1983,68.74,48,0,1.21,TR,2022-08-02 02:44:33
79,Zhangye,38.9342,100.4517,63.7,79,100,7.02,CN,2022-08-02 02:44:33
80,Presidencia Roque Saenz Pena,-26.7852,-60.4388,63.09,67,38,7.07,AR,2022-08-02 02:44:34
81,Kizner,56.2749,51.508,62.76,87,37,4.41,RU,2022-08-02 02:44:34
82,Kaitangata,-46.2817,169.8464,55.54,56,22,11.18,NZ,2022-08-02 02:44:34
83,Rocha,-34.4833,-54.3333,49.32,95,34,2.35,UY,2022-08-02 02:44:35
84,Kodiak,57.79,-152.4072,65.71,45,0,17.27,US,2022-08-02 02:44:35
85,Chapais,49.7834,-74.8492,62.38,97,100,8.75,CA,2022-08-02 02:44:35
86,Mezen,65.8522,44.24,55.24,93,27,5.82,RU,2022-08-02 02:44:36
87,Saint-Pierre,-21.3393,55.4781,65.28,61,0,8.05,RE,2022-08-02 02:44:36
88,Komsomolskiy,40.4272,71.7189,83.23,31,39,4.21,UZ,2022-08-02 02:44:36
89,New Norfolk,-42.7826,147.0587,57.92,54,44,9.44,AU,2022-08-02 02:44:37
90,Sitka,57.0531,-135.33,58.89,82,100,6.91,US,2022-08-02 02:44:37
91,Urumqi,43.801,87.6005,81.55,28,0,2.24,CN,2022-08-02 02:42:02
92,Tuktoyaktuk,69.4541,-133.0374,55.4,76,75,11.5,CA,2022-08-02 02:44:37
93,Arraial Do Cabo,-22.9661,-42.0278,70.38,89,1,19.01,BR,2022-08-02 02:45:38
94,Chokurdakh,70.6333,147.9167,59.38,58,86,5.75,RU,2022-08-02 02:45:38
95,Yar-Sale,66.8333,70.8333,60.44,58,20,3.15,RU,2022-08-02 02:45:38
96,Soyo,-6.1349,12.3689,67.89,92,15,10.29,AO,2022-08-02 02:45:39
97,Provideniya,64.3833,-173.3,48.31,87,0,11.18,RU,2022-08-02 02:45:39
98,Cabo San Lucas,22.8909,-109.9124,85.6,76,98,10.11,MX,2022-08-02 02:45:07
99,Nikolskoye,59.7035,30.7861,65.88,97,100,9.01,RU,2022-08-02 02:45:39
100,Loandjili,-4.7561,11.8578,69.91,94,100,6.91,CG,2022-08-02 02:45:40
101,Beringovskiy,63.05,179.3167,53.78,72,13,9.42,RU,2022-08-02 02:45:40
102,Morondava,-20.2833,44.2833,73.38,53,0,14.0,MG,2022-08-02 02:45:40
103,Souillac,-20.5167,57.5167,66.58,94,40,5.75,MU,2022-08-02 02:43:31
104,Tabas,33.5959,56.9244,89.04,21,0,4.45,IR,2022-08-02 02:45:41
105,Severo-Kurilsk,50.6789,156.125,56.37,81,23,4.07,RU,2022-08-02 02:45:41
106,Inhambane,-23.865,35.3833,69.55,61,96,12.91,MZ,2022-08-02 02:45:42
107,Kavaratti,10.5669,72.642,76.55,90,100,26.55,IN,2022-08-02 02:45:42
108,Mahon,39.8885,4.2658,73.96,73,0,4.61,ES,2022-08-02 02:45:42
109,Aklavik,68.2191,-135.0107,68.38,46,100,2.93,CA,2022-08-02 02:42:23
110,Bagotville,-28.9833,153.4167,70.86,65,0,4.7,AU,2022-08-02 02:45:43
111,Qui Nhon,13.7667,109.2333,86.07,66,76,3.36,VN,2022-08-02 02:43:19
112,Salalah,17.0151,54.0924,75.29,100,100,5.75,OM,2022-08-02 02:44:46
113,Dingle,10.9995,122.6711,85.46,71,97,4.47,PH,2022-08-02 02:45:43
114,Qandala,11.472,49.8728,88.57,50,3,16.96,SO,2022-08-02 02:45:44
115,Avarua,-21.2078,-159.775,77.05,57,75,10.36,CK,2022-08-02 02:45:44
116,Tura,25.5198,90.2201,80.01,87,100,3.18,IN,2022-08-02 02:43:35
117,Hithadhoo,-0.6,73.0833,80.65,72,64,12.64,MV,2022-08-02 02:45:44
118,Cape Town,-33.9258,18.4232,54.37,80,0,1.14,ZA,2022-08-02 02:45:45
119,Talnakh,69.4865,88.3972,49.21,57,12,14.5,RU,2022-08-02 02:45:45
120,Qaanaaq,77.484,-69.3632,42.76,68,42,5.79,GL,2022-08-02 02:44:43
121,Airai,-8.9266,125.4092,74.86,38,56,3.44,TL,2022-08-02 02:45:45
122,Ossora,59.2353,163.0719,61.99,72,71,10.09,RU,2022-08-02 02:45:46
123,Ilulissat,69.2167,-51.1,48.22,81,40,10.36,GL,2022-08-02 02:45:46
124,Nishihara,26.1842,127.7558,88.88,73,20,13.8,JP,2022-08-02 02:45:46
125,Oranjemund,-28.55,16.4333,54.07,80,75,4.25,NA,2022-08-02 02:45:47
126,Vila Velha,-20.3297,-40.2925,71.94,87,40,8.05,BR,2022-08-02 02:45:47
127,Gamboma,-1.8764,15.8644,79.43,42,100,2.19,CG,2022-08-02 02:45:47
128,Mahebourg,-20.4081,57.7,66.49,94,40,5.75,MU,2022-08-02 02:45:48
129,Mataura,-46.1927,168.8643,54.61,61,1,12.17,NZ,2022-08-02 02:43:18
130,Dosso,13.049,3.1937,75.6,84,45,10.27,NE,2022-08-02 02:45:48
131,Davenda,53.5556,119.317,77.29,49,13,3.94,RU,2022-08-02 02:45:48
132,Kumluca,36.3703,30.2869,82.94,57,0,2.28,TR,2022-08-02 02:45:49
133,Erzin,36.9559,36.2,74.98,90,33,1.07,TR,2022-08-02 02:45:49
134,Alofi,-19.0595,-169.9187,80.49,74,75,14.97,NU,2022-08-02 02:45:50
135,Ribeira Grande,38.5167,-28.7,74.23,73,1,10.83,PT,2022-08-02 02:45:50
136,Geraldton,-28.7667,114.6,64.81,55,75,17.27,AU,2022-08-02 02:45:50
137,Port Moresby,-9.4431,147.1797,87.22,66,40,11.5,PG,2022-08-02 02:42:06
138,Laguna,38.421,-121.4238,84.49,57,0,8.05,US,2022-08-02 02:45:51
139,Port Keats,-14.25,129.55,84.02,42,39,7.36,AU,2022-08-02 02:45:51
140,Taunggyi,20.7833,97.0333,71.78,81,99,3.98,MM,2022-08-02 02:46:51
141,Georgetown,5.4112,100.3354,85.95,84,20,3.44,MY,2022-08-02 02:41:55
142,Ilinskiy,55.619,38.1182,57.58,82,0,0.0,RU,2022-08-02 02:46:52
143,Thompson,55.7435,-97.8558,62.76,67,40,0.0,CA,2022-08-02 02:42:18
144,Carutapera,-1.195,-46.02,75.06,94,89,4.56,BR,2022-08-02 02:46:52
145,Litovko,49.2361,135.1742,82.51,62,9,7.96,RU,2022-08-02 02:46:53
146,Novopskov,49.5464,39.0899,66.99,80,100,10.27,UA,2022-08-02 02:46:53
147,Aykhal,66.0,111.5,47.68,84,100,19.15,RU,2022-08-02 02:46:53
148,Itarema,-2.9248,-39.9167,78.15,82,63,15.77,BR,2022-08-02 02:46:54
149,Khatanga,71.9667,102.5,48.97,66,100,7.16,RU,2022-08-02 02:46:54
150,Pevek,69.7008,170.3133,51.69,59,100,16.06,RU,2022-08-02 02:46:55
151,Marawi,7.9986,124.2928,79.45,71,99,4.16,PH,2022-08-02 02:46:55
152,La Ronge,55.1001,-105.2842,68.25,56,75,3.44,CA,2022-08-02 02:46:55
153,Okha,53.5739,142.9478,62.55,77,97,19.17,RU,2022-08-02 02:46:56
154,Anuradhapura,8.3565,80.4173,79.68,78,100,15.23,LK,2022-08-02 02:46:56
155,Petropavlovskoye,52.0712,84.107,71.56,61,72,3.94,RU,2022-08-02 02:46:56
156,Castro,-24.7911,-50.0119,57.9,75,80,1.21,BR,2022-08-02 02:46:57
157,Saint-Augustin,51.226,-58.6502,60.53,99,13,5.77,CA,2022-08-02 02:43:11
158,Ancud,-41.8697,-73.8203,42.22,83,5,3.44,CL,2022-08-02 02:46:57
159,Yellowknife,62.456,-114.3525,68.52,32,20,8.05,CA,2022-08-02 02:42:04
160,Puerto Escondido,15.85,-97.0667,80.83,80,31,3.58,MX,2022-08-02 02:46:58
161,Leningradskiy,69.3833,178.4167,58.03,51,41,1.59,RU,2022-08-02 02:46:58
162,Srednekolymsk,67.45,153.6833,71.29,69,97,3.02,RU,2022-08-02 02:46:58
163,Lambarene,-0.7001,10.2406,69.46,89,57,2.66,GA,2022-08-02 02:46:59
164,Villazon,-22.0866,-65.5942,40.68,39,0,4.68,BO,2022-08-02 02:46:59
165,Waitati,-45.75,170.5667,60.8,54,93,8.14,NZ,2022-08-02 02:46:59
166,Berlevag,70.8578,29.0864,55.2,93,20,2.3,NO,2022-08-02 02:47:00
167,Pontianak,-0.0333,109.3333,80.58,89,75,8.05,ID,2022-08-02 02:47:00
168,Torbay,47.6666,-52.7314,68.77,75,75,10.36,CA,2022-08-02 02:42:37
169,Mwene-Ditu,-7.0,23.45,66.87,78,3,4.0,CD,2022-08-02 02:47:00
170,Lorengau,-2.0226,147.2712,84.43,72,43,12.08,PG,2022-08-02 02:47:01
171,Inuvik,68.3499,-133.7218,67.06,61,75,8.05,CA,2022-08-02 02:47:01
172,Sarai Alamgir,32.9012,73.7559,85.26,67,0,0.43,PK,2022-08-02 02:47:01
173,Sorland,67.667,12.6934,49.86,76,100,12.62,NO,2022-08-02 02:47:02
174,Kruisfontein,-34.0033,24.7314,49.3,49,81,5.93,ZA,2022-08-02 02:47:02
175,Ponta Delgada,37.7333,-25.6667,66.92,88,20,2.3,PT,2022-08-02 02:46:45
176,Ketchikan,55.3422,-131.6461,68.47,60,40,4.61,US,2022-08-02 02:47:03
177,Port Hardy,50.6996,-127.4199,62.78,67,20,13.8,CA,2022-08-02 02:47:03
178,Kilindoni,-7.9139,39.6668,75.56,77,3,14.7,TZ,2022-08-02 02:47:04
179,Khorinsk,52.1657,109.7726,80.17,41,79,5.03,RU,2022-08-02 02:47:04
180,Kahului,20.8947,-156.47,87.82,59,40,21.85,US,2022-08-02 02:47:05
181,Saskylakh,71.9167,114.0833,44.87,65,100,11.52,RU,2022-08-02 02:47:05
182,Neiafu,-18.65,-173.9833,83.08,74,20,10.36,TO,2022-08-02 02:47:06
183,Yeppoon,-23.1333,150.7333,69.58,76,97,7.92,AU,2022-08-02 02:47:06
184,Panama City,8.9936,-79.5197,80.55,91,40,4.61,PA,2022-08-02 02:44:30
185,Kysyl-Syr,63.8986,122.7617,72.12,65,100,7.63,RU,2022-08-02 02:48:06
186,Talcahuano,-36.7167,-73.1167,46.08,87,0,4.61,CL,2022-08-02 02:45:15
187,Plettenberg Bay,-34.0527,23.3716,54.91,43,87,3.98,ZA,2022-08-02 02:48:07
188,Azovo,54.6997,73.0237,60.55,61,99,8.59,RU,2022-08-02 02:48:07
189,Pundaguitan,6.3711,126.1689,82.47,74,96,10.98,PH,2022-08-02 02:48:07
190,Touros,-5.1989,-35.4608,73.17,85,12,12.15,BR,2022-08-02 02:48:08
191,Vanse,58.1167,6.7,53.67,100,100,4.85,NO,2022-08-02 02:48:08
192,Calabozo,8.9242,-67.4293,73.02,95,63,1.12,VE,2022-08-02 02:48:09
193,Ovre Ardal,61.3167,7.8,46.08,72,86,3.15,NO,2022-08-02 02:48:09
194,Quatre Cocos,-20.2078,57.7625,66.31,71,26,9.6,MU,2022-08-02 02:48:09
195,Darnah,32.767,22.6367,77.94,83,0,16.06,LY,2022-08-02 02:48:10
196,Lompoc,34.6391,-120.4579,78.94,81,0,5.75,US,2022-08-02 02:48:11
197,Mount Gambier,-37.8333,140.7667,56.93,54,100,15.28,AU,2022-08-02 02:48:11
198,Dikson,73.5069,80.5464,41.34,87,100,6.64,RU,2022-08-02 02:48:11
199,Santa Fe,-31.6333,-60.7,60.01,74,100,8.01,AR,2022-08-02 02:48:12
200,Moscow,55.7522,37.6156,61.32,64,96,5.39,RU,2022-08-02 02:43:48
201,Thinadhoo,0.5333,72.9333,81.05,73,97,13.51,MV,2022-08-02 02:44:53
202,Margate,51.3813,1.3862,64.31,93,100,3.0,GB,2022-08-02 02:48:13
203,Lagoa,39.05,-27.9833,73.36,77,60,12.26,PT,2022-08-02 02:48:13
204,Grand-Lahou,5.1367,-5.0242,72.82,84,98,8.1,CI,2022-08-02 02:48:13
205,Liverpool,53.4106,-2.9779,67.95,89,100,13.8,GB,2022-08-02 02:48:14
206,Puerto Ayacucho,5.6639,-67.6236,74.17,93,83,4.09,VE,2022-08-02 02:48:14
207,Cidreira,-30.1811,-50.2056,56.39,87,56,3.18,BR,2022-08-02 02:44:54
208,Agadir,30.4202,-9.5982,70.25,49,46,1.41,MA,2022-08-02 02:43:41
209,Bandarbeyla,9.4942,50.8122,77.07,67,35,24.16,SO,2022-08-02 02:48:15
210,Aripuana,-9.1667,-60.6333,75.79,49,75,1.01,BR,2022-08-02 02:48:15
211,Silver City,32.7701,-108.2803,82.36,56,100,5.75,US,2022-08-02 02:48:16
212,Yuanping,38.7153,112.7575,84.27,56,0,5.88,CN,2022-08-02 02:48:16
213,Isla Mujeres,21.2311,-86.731,84.16,86,62,8.75,MX,2022-08-02 02:48:16
214,Gemena,3.25,19.7667,69.1,96,86,1.79,CD,2022-08-02 02:48:17
215,Santa Maria Da Boa Vista,-8.8078,-39.8256,69.62,70,0,14.72,BR,2022-08-02 02:48:17
216,Poum,-20.2333,164.0167,76.23,81,22,12.1,NC,2022-08-02 02:48:17
217,Skjervoy,70.0311,20.9714,57.2,82,16,4.41,NO,2022-08-02 02:48:18
218,Clyde River,70.4692,-68.5914,37.63,100,100,5.75,CA,2022-08-02 02:48:18
219,Kadoma,34.7333,135.5833,94.59,51,75,10.36,JP,2022-08-02 02:48:18
220,Porto Novo,6.4965,2.6036,73.22,84,100,6.2,BJ,2022-08-02 02:48:19
221,Meulaboh,4.1363,96.1285,79.88,86,100,8.81,ID,2022-08-02 02:48:19
222,Aden,12.7794,45.0367,84.56,76,4,16.53,YE,2022-08-02 02:48:20
223,Dali,25.7,100.1833,65.34,90,100,2.26,CN,2022-08-02 02:48:20
224,Vardo,70.3705,31.1107,49.98,100,100,2.3,NO,2022-08-02 02:48:20
225,Kabare,-2.4683,28.8242,59.43,90,92,1.61,CD,2022-08-02 02:48:21
226,Estelle,29.8458,-90.1067,77.0,90,75,3.44,US,2022-08-02 02:48:21
227,Karratha,-20.7377,116.8463,77.5,57,81,10.65,AU,2022-08-02 02:48:22
228,Muros,42.7762,-9.0603,68.09,78,0,5.99,ES,2022-08-02 02:48:22
229,Leua,48.2156,18.6071,61.34,75,6,3.8,SK,2022-08-02 02:48:22
230,Itoman,26.1247,127.6694,89.62,70,20,12.66,JP,2022-08-02 02:48:23
231,Yulara,-25.2406,130.9889,80.44,14,75,25.32,AU,2022-08-02 02:48:23
232,Hernani,43.2662,-1.9762,67.6,83,75,3.0,ES,2022-08-02 02:49:23
233,Olga,43.7444,135.2892,78.42,73,27,7.83,RU,2022-08-02 02:49:24
234,Roznava,48.6601,20.5376,59.09,77,8,3.58,SK,2022-08-02 02:49:24
235,Castelo Do Piaui,-5.3222,-41.5525,72.75,46,6,4.94,BR,2022-08-02 02:49:24
236,Khash,28.2211,61.2158,82.17,30,67,3.42,IR,2022-08-02 02:49:25
237,Jinchang,38.4953,102.1739,73.98,53,100,16.13,CN,2022-08-02 02:49:25
238,Plainview,40.7765,-73.4673,72.68,85,0,5.75,US,2022-08-02 02:46:29
239,Liberal,37.0431,-100.921,82.54,54,0,10.36,US,2022-08-02 02:49:26
240,Vestmannaeyjar,63.4427,-20.2734,47.03,74,17,15.9,IS,2022-08-02 02:47:19
241,Padang,-0.9492,100.3543,75.25,74,100,5.01,ID,2022-08-02 02:49:26
242,Lata,40.1629,-8.3327,66.09,75,0,1.36,PT,2022-08-02 02:49:27
243,Hamilton,39.1834,-84.5333,79.0,90,20,1.01,US,2022-08-02 02:47:30
244,Pahrump,36.2083,-115.9839,89.49,43,7,5.99,US,2022-08-02 02:49:27
245,Saldanha,-33.0117,17.9442,42.85,61,2,4.79,ZA,2022-08-02 02:49:27
246,Dumas,35.8656,-101.9732,82.62,44,0,8.05,US,2022-08-02 02:46:02
247,Lavrentiya,65.5833,-171.0,51.93,70,68,7.09,RU,2022-08-02 02:49:28
248,Te Anau,-45.4167,167.7167,48.92,87,83,9.95,NZ,2022-08-02 02:49:28
249,Tiksi,71.6872,128.8694,45.54,78,97,3.13,RU,2022-08-02 02:49:29
250,Krasnovishersk,60.4078,57.082,61.45,60,93,2.73,RU,2022-08-02 02:49:29
251,Ximei,24.9639,118.3794,92.35,58,62,2.15,CN,2022-08-02 02:49:29
252,Hovd,48.0056,91.6419,72.57,27,100,3.69,MN,2022-08-02 02:47:32
253,Mackay,-21.15,149.2,76.68,82,98,10.4,AU,2022-08-02 02:49:30
254,Seydi,39.4816,62.9137,84.34,24,6,10.29,TM,2022-08-02 02:49:30
255,Shahr-E Babak,30.1165,55.1186,75.96,41,1,3.02,IR,2022-08-02 02:49:30
256,Ucluelet,48.9329,-125.5528,60.1,89,36,4.16,CA,2022-08-02 02:45:10
257,Saint-Philippe,-21.3585,55.7679,65.21,74,0,2.62,RE,2022-08-02 02:49:31
258,Naze,28.3667,129.4833,85.12,80,70,10.69,JP,2022-08-02 02:49:31
259,Faanui,-16.4833,-151.75,78.6,69,3,21.65,PF,2022-08-02 02:49:31
260,Alushta,44.6667,34.4167,73.44,76,3,5.23,UA,2022-08-02 02:49:32
261,Barrow,71.2906,-156.7887,41.02,87,100,12.66,US,2022-08-02 02:49:32
262,Chama,47.1821,8.4636,64.27,93,20,1.14,CH,2022-08-02 02:49:32
263,Miri,4.4148,114.0089,86.14,79,20,4.61,MY,2022-08-02 02:49:33
264,Lisakovsk,52.5369,62.4936,67.06,75,74,8.59,KZ,2022-08-02 02:49:33
265,Rosarito,32.3333,-117.0333,77.67,69,100,7.87,MX,2022-08-02 02:49:33
266,Periyialion,37.95,22.8333,80.94,38,3,1.12,GR,2022-08-02 02:49:34
267,Xichang,27.8964,102.2634,73.58,83,79,2.86,CN,2022-08-02 02:49:34
268,Coquimbo,-29.9533,-71.3436,53.33,87,100,0.0,CL,2022-08-02 02:49:34
269,Adrar,20.5022,-10.0711,86.45,35,68,14.25,MR,2022-08-02 02:49:35
270,Basco,20.4487,121.9702,82.45,79,100,12.57,PH,2022-08-02 02:49:35
271,Mercedes,-34.6515,-59.4307,51.64,83,100,6.96,AR,2022-08-02 02:49:35
272,Muriwai Beach,-36.8167,174.45,59.43,65,100,7.52,NZ,2022-08-02 02:49:36
273,Belozerskoye,55.8214,65.5842,61.34,69,10,8.77,RU,2022-08-02 02:49:36
274,Uvat,59.1433,68.8953,61.72,59,0,6.71,RU,2022-08-02 02:49:36
275,Nanakuli,21.3906,-158.1547,85.95,49,40,12.66,US,2022-08-02 02:49:37
276,Shitkino,56.3703,98.3543,62.49,88,100,6.73,RU,2022-08-02 02:50:37
277,Padre Paraiso,-17.0742,-41.4844,59.4,99,18,2.17,BR,2022-08-02 02:50:37
278,Vila Franca Do Campo,37.7167,-25.4333,66.61,84,26,1.79,PT,2022-08-02 02:50:38
279,Pisco,-13.7,-76.2167,59.05,82,0,9.22,PE,2022-08-02 02:50:38
280,Lincolnton,35.4737,-81.2545,76.21,90,0,0.0,US,2022-08-02 02:50:38
281,Deer Lake,49.1667,-57.4316,66.06,88,0,0.0,CA,2022-08-02 02:50:39
282,Aksay,47.26,39.87,77.22,47,100,3.96,RU,2022-08-02 02:50:39
283,Sergeyevka,53.88,67.4158,61.99,83,100,9.13,KZ,2022-08-02 02:50:39
284,Nizwa,22.9333,57.5333,88.25,53,10,0.38,OM,2022-08-02 02:50:40
285,Trincomalee,8.5711,81.2335,80.76,78,100,23.11,LK,2022-08-02 02:50:40
286,Sisimiut,66.9395,-53.6735,47.19,79,97,1.88,GL,2022-08-02 02:50:40
287,Dunedin,-45.8742,170.5036,60.8,54,79,4.0,NZ,2022-08-02 02:50:41
288,Nicoya,10.1483,-85.452,75.0,91,100,2.21,CR,2022-08-02 02:50:41
289,Pilar,-9.5972,-35.9567,75.13,83,97,3.27,BR,2022-08-02 02:50:41
290,Sibu,2.3,111.8167,84.51,74,40,7.0,MY,2022-08-02 02:50:42
291,Kalmunai,7.4167,81.8167,80.11,74,100,4.52,LK,2022-08-02 02:50:42
292,Sherbakul,54.6316,72.3963,63.63,60,87,9.1,RU,2022-08-02 02:50:42
293,Marsa Matruh,31.3525,27.2453,77.2,94,0,9.22,EG,2022-08-02 02:50:43
294,Belyy Yar,53.6039,91.3903,68.86,77,0,2.24,RU,2022-08-02 02:50:43
295,Bonthe,7.5264,-12.505,75.69,86,100,11.74,SL,2022-08-02 02:50:43
296,Kadipur,26.1667,82.3833,86.77,63,100,6.17,IN,2022-08-02 02:50:44
297,Kieta,-6.2167,155.6333,83.48,69,100,4.7,PG,2022-08-02 02:50:44
298,Novocheremshansk,54.3571,50.1666,63.14,80,1,6.35,RU,2022-08-02 02:50:44
299,Playas,-2.6333,-80.3833,69.89,84,71,10.45,EC,2022-08-02 02:50:45
300,Galesong,-5.3166,119.3661,87.82,70,73,3.67,ID,2022-08-02 02:50:45
301,Baruun-Urt,46.6806,113.2792,80.17,46,11,3.67,MN,2022-08-02 02:50:45
302,Nampula,-15.1165,39.2666,66.15,100,75,8.05,MZ,2022-08-02 02:50:46
303,Biltine,14.5333,20.9167,74.14,74,90,6.13,TD,2022-08-02 02:50:46
304,Isangel,-19.55,169.2667,79.45,77,100,11.36,VU,2022-08-02 02:50:47
305,Axim,4.8699,-2.2405,72.72,80,25,7.49,GH,2022-08-02 02:50:47
306,Suntar,62.1444,117.6319,65.25,89,100,6.42,RU,2022-08-02 02:50:47
307,Wilmington,34.2257,-77.9447,84.11,76,0,5.75,US,2022-08-02 02:47:59
308,Balod,20.73,81.2047,83.97,68,100,5.23,IN,2022-08-02 02:50:48
309,Kenai,60.5544,-151.2583,55.15,95,100,11.5,US,2022-08-02 02:50:48
310,Nizhniy Kuranakh,58.8353,125.4869,75.63,59,79,5.28,RU,2022-08-02 02:50:48
311,Quelimane,-17.8786,36.8883,69.75,88,40,5.01,MZ,2022-08-02 02:50:49
312,Tokur,53.1333,132.9,64.42,83,100,2.93,RU,2022-08-02 02:50:49
313,College,64.8569,-147.8028,73.35,56,75,14.97,US,2022-08-02 02:50:49
314,Cotonou,6.3654,2.4183,73.38,88,20,5.75,BJ,2022-08-02 02:50:50
315,Guerrero Negro,27.9769,-114.0611,73.4,71,0,13.98,MX,2022-08-02 02:46:33
316,Esperance,-33.8667,121.9,57.04,62,66,36.69,AU,2022-08-02 02:48:33
317,San Cristobal,7.7669,-72.225,69.98,96,100,1.66,VE,2022-08-02 02:50:50
318,Vary,48.1221,22.7128,55.47,87,6,3.36,UA,2022-08-02 02:50:50
319,Inirida,3.8653,-67.9239,73.35,97,97,2.53,CO,2022-08-02 02:50:51
320,Fairbanks,64.8378,-147.7164,73.36,58,75,14.97,US,2022-08-02 02:47:05
321,Mitu,1.1983,-70.1733,72.21,98,100,0.4,CO,2022-08-02 02:48:42
322,Bareli,28.35,79.4167,87.3,64,59,3.44,IN,2022-08-02 02:51:51
323,Carballo,43.213,-8.691,67.42,97,24,2.75,ES,2022-08-02 02:51:52
324,Charlottetown,46.2352,-63.1267,70.32,87,20,11.5,CA,2022-08-02 02:49:19
325,Jacqueville,5.2052,-4.4146,74.25,80,99,9.42,CI,2022-08-02 02:51:52
326,Acapulco,16.8634,-99.8901,81.28,82,64,3.18,MX,2022-08-02 02:50:22
327,Brae,60.3964,-1.353,54.55,94,100,13.71,GB,2022-08-02 02:51:53
328,Siva,29.2041,25.5195,82.92,45,0,4.97,EG,2022-08-02 02:51:53
329,Troitsko-Pechorsk,62.7084,56.1964,62.06,60,91,4.0,RU,2022-08-02 02:51:53
330,Luderitz,-26.6481,15.1594,52.43,79,19,1.16,NA,2022-08-02 02:51:54
331,Madingou,-4.1536,13.55,67.98,80,70,2.91,CG,2022-08-02 02:51:54
332,Mirabad,30.4362,61.8383,89.02,22,0,21.94,AF,2022-08-02 02:51:54
333,Osoyoos,49.0331,-119.4524,93.96,27,31,3.44,CA,2022-08-02 02:51:55
334,Longyearbyen,78.2186,15.6401,49.84,81,75,5.75,SJ,2022-08-02 02:51:55
335,Mayor Pablo Lagerenza,-19.9309,-60.7718,71.29,54,0,3.56,PY,2022-08-02 02:51:55
336,Klaksvik,62.2266,-6.589,50.92,92,100,11.72,FO,2022-08-02 02:51:56
337,Malia,35.2833,25.4667,81.82,70,0,6.91,GR,2022-08-02 02:51:56
338,Cherskiy,68.75,161.3,62.62,74,100,15.73,RU,2022-08-02 02:51:56
339,Samarai,-10.6167,150.6667,80.67,83,20,13.78,PG,2022-08-02 02:51:57
340,Tuatapere,-46.1333,167.6833,51.78,80,35,10.89,NZ,2022-08-02 02:47:28
341,Port-Gentil,-0.7193,8.7815,75.22,76,27,7.67,GA,2022-08-02 02:51:57
342,Cockburn Town,21.4612,-71.1419,82.45,77,0,12.03,TC,2022-08-02 02:51:57
343,Zaria,11.1113,7.7227,68.25,96,90,8.05,NG,2022-08-02 02:51:58
344,Sambava,-14.2667,50.1667,67.19,83,16,10.2,MG,2022-08-02 02:51:58
345,Ambon,-3.6954,128.1814,77.14,94,75,4.61,ID,2022-08-02 02:51:58
346,Dehloran,32.6941,47.2679,95.45,33,1,2.91,IR,2022-08-02 02:51:59
347,Khandyga,62.6667,135.6,66.67,79,100,2.19,RU,2022-08-02 02:51:59
348,Mushie,-3.0167,16.9,75.36,54,66,3.36,CD,2022-08-02 02:52:00
349,Kununurra,-15.7667,128.7333,87.78,25,2,6.91,AU,2022-08-02 02:52:00
350,Tuusula,60.4037,25.0264,59.76,85,40,5.75,FI,2022-08-02 02:52:00
351,Doha,25.2867,51.5333,93.18,77,0,4.61,QA,2022-08-02 02:49:45
352,Leshan,29.5623,103.7639,77.97,88,99,1.43,CN,2022-08-02 02:52:01
353,Sayanogorsk,53.0875,91.3997,75.0,48,33,5.37,RU,2022-08-02 02:52:01
354,Lazarev,52.225,141.5131,58.87,92,100,20.83,RU,2022-08-02 02:52:01
355,Mahanoro,-19.9,48.8,64.94,89,35,6.2,MG,2022-08-02 02:52:02
356,Topolobampo,25.6,-109.05,86.2,64,93,1.23,MX,2022-08-02 02:52:02
357,Fort-Shevchenko,44.5086,50.263,81.63,57,11,12.93,KZ,2022-08-02 02:52:02
358,Richards Bay,-28.783,32.0377,58.48,83,32,6.78,ZA,2022-08-02 02:52:03
359,Oistins,13.0667,-59.5333,81.52,83,75,17.27,BB,2022-08-02 02:52:03
360,North Platte,41.1239,-100.7654,87.69,48,0,4.0,US,2022-08-02 02:51:45
361,Kaohsiung,22.6163,120.3133,78.75,91,100,4.61,TW,2022-08-02 02:49:44
362,Deputatskiy,69.3,139.9,47.95,95,100,3.11,RU,2022-08-02 02:52:04
363,Boueni,-12.9025,45.0761,75.18,70,0,15.88,YT,2022-08-02 02:52:04
364,Fairview,40.8126,-73.999,72.55,85,32,8.01,US,2022-08-02 02:52:05
365,Atasu,48.6814,71.6433,73.08,51,5,5.93,KZ,2022-08-02 02:53:05
366,Zavodouspenskoye,56.8626,65.0155,59.49,66,96,6.44,RU,2022-08-02 02:53:06
367,San Borja,-14.8167,-66.85,71.35,84,64,2.82,BO,2022-08-02 02:53:06
368,Portarlington,53.1622,-7.1911,66.29,92,100,14.0,IE,2022-08-02 02:53:06
369,Chegdomyn,51.1167,133.0167,80.26,53,9,5.3,RU,2022-08-02 02:53:07
370,Ayagoz,47.9714,80.4392,72.57,48,12,6.17,KZ,2022-08-02 02:53:07
371,Kolvereid,64.8655,11.6047,50.32,78,41,4.23,NO,2022-08-02 02:53:08
372,Ranau,5.9538,116.6641,84.47,55,94,3.38,MY,2022-08-02 02:53:08
373,Severnyy,50.677,36.5532,62.64,94,75,6.71,RU,2022-08-02 02:53:08
374,Rio Grande,-32.035,-52.0986,55.29,92,77,2.44,BR,2022-08-02 02:53:09
375,Idlib,35.9306,36.6339,71.62,86,0,5.14,SY,2022-08-02 02:53:09
376,Haimen,23.1935,116.6142,87.69,66,100,1.16,CN,2022-08-02 02:53:10
377,Port-Cartier,50.0334,-66.8654,61.75,94,97,4.21,CA,2022-08-02 02:53:10
378,Pleasanton,37.6624,-121.8747,84.92,44,29,3.71,US,2022-08-02 02:53:10
379,Matamoros,25.5333,-103.25,80.76,36,19,7.02,MX,2022-08-02 02:53:11
380,Katsuura,35.1333,140.3,87.22,72,100,14.85,JP,2022-08-02 02:51:13
381,Naron,43.5167,-8.1528,67.05,93,11,7.29,ES,2022-08-02 02:53:11
382,Villaviciosa,43.4813,-5.4357,70.16,88,41,5.64,ES,2022-08-02 02:53:12
383,Kamenka,51.3223,42.7678,64.85,80,19,9.15,RU,2022-08-02 02:53:12
384,Sao Joao Da Barra,-21.6403,-41.0511,70.83,88,4,15.26,BR,2022-08-02 02:53:12
385,Atar,20.5169,-13.0499,81.88,64,97,6.06,MR,2022-08-02 02:53:13
386,Wembley,-31.9333,115.8,60.69,59,20,23.02,AU,2022-08-02 02:53:13
387,Anadyr,64.75,177.4833,68.5,34,0,6.71,RU,2022-08-02 02:53:14
388,Maceio,-9.6658,-35.7353,76.44,78,40,4.61,BR,2022-08-02 02:50:32
389,Hakodate,41.7758,140.7367,80.91,78,20,17.27,JP,2022-08-02 02:53:14
390,Santa Isabel,-23.3156,-46.2214,60.1,82,2,0.45,BR,2022-08-02 02:53:15
391,Araouane,18.9048,-3.5265,91.36,35,41,17.4,ML,2022-08-02 02:53:15
392,Avera,33.194,-82.5271,78.31,74,81,3.91,US,2022-08-02 02:53:15
393,Gorele,41.0308,39.0031,72.0,62,1,6.06,TR,2022-08-02 02:53:16
394,Banda Aceh,5.5577,95.3222,80.65,80,100,18.88,ID,2022-08-02 02:53:17
395,Sangar,63.9242,127.4739,65.23,88,99,11.18,RU,2022-08-02 02:53:17
396,Karpathos,35.507,27.2132,75.16,78,0,29.93,GR,2022-08-02 02:53:17
397,Pangnirtung,66.1451,-65.7125,44.62,87,100,3.04,CA,2022-08-02 02:53:18
398,Buraydah,26.326,43.975,91.85,32,75,4.12,SA,2022-08-02 02:53:18
399,Ramon,16.7842,121.535,81.32,81,100,2.57,PH,2022-08-02 02:53:19
400,Burgeo,47.6167,-57.6152,63.3,93,99,4.56,CA,2022-08-02 02:53:19
401,Berdigestyakh,62.0989,126.6992,67.35,85,100,4.56,RU,2022-08-02 02:53:19
402,Ust-Dzheguta,44.0834,41.9763,64.6,82,3,4.79,RU,2022-08-02 02:53:20
403,Haradok,55.4624,29.9816,60.91,97,100,4.07,BY,2022-08-02 02:53:20
404,Bam,29.106,58.357,90.61,22,1,11.23,IR,2022-08-02 02:53:21
405,Gazli,40.1333,63.45,85.51,22,90,6.17,UZ,2022-08-02 02:53:21
406,Nizhniy Tsasuchey,50.5167,115.1333,85.17,33,1,4.29,RU,2022-08-02 02:53:22
407,Zhuji,29.7188,120.2423,93.15,59,86,1.36,CN,2022-08-02 02:53:22
408,Lewisporte,49.2499,-55.0482,64.11,96,100,3.27,CA,2022-08-02 02:53:22
409,Valdemarpils,57.3707,22.5919,54.43,97,7,5.35,LV,2022-08-02 02:48:53
410,Matara,5.9485,80.5353,79.02,83,87,17.9,LK,2022-08-02 02:53:23
411,Moreira Sales,-24.0622,-53.0069,63.27,70,0,6.82,BR,2022-08-02 02:53:23
412,Ahipara,-35.1667,173.1667,59.04,65,100,7.02,NZ,2022-08-02 02:54:24
413,Petropavlovsk-Kamchatskiy,53.0452,158.6483,68.59,60,40,11.18,RU,2022-08-02 02:54:24
414,Kingisepp,59.3733,28.6134,61.12,99,100,5.17,RU,2022-08-02 02:54:25
415,Keningau,5.3378,116.1602,82.74,67,99,2.73,MY,2022-08-02 02:54:25
416,Qasigiannguit,68.8193,-51.1922,40.8,82,51,6.15,GL,2022-08-02 02:54:25
417,Bonavista,48.6499,-53.1147,61.56,90,100,5.1,CA,2022-08-02 02:54:26
418,Esna,25.2934,32.554,86.02,24,34,11.03,EG,2022-08-02 02:54:26
419,Solnechnyy,50.7214,136.6319,75.04,81,55,3.78,RU,2022-08-02 02:54:26
420,Nandu,22.8525,110.8233,93.36,52,12,1.03,CN,2022-08-02 02:54:27
421,Port Blair,11.6667,92.75,84.24,79,40,6.91,IN,2022-08-02 02:54:27
422,Pipirig,47.25,26.0667,61.68,93,54,4.99,RO,2022-08-02 02:54:28
423,Udachnyy,66.4167,112.4,48.45,93,100,17.52,RU,2022-08-02 02:54:29
424,Umm Kaddadah,13.6017,26.6876,75.49,68,35,12.82,SD,2022-08-02 02:54:29
425,Vredendal,-31.6683,18.5012,58.69,29,82,7.81,ZA,2022-08-02 02:54:29
426,Tholey,49.4837,7.0369,60.84,88,98,2.39,DE,2022-08-02 02:54:30
427,Algiers,36.7525,3.042,67.82,83,0,2.3,DZ,2022-08-02 02:52:40
428,Mizdah,31.4451,12.9801,71.28,77,0,4.7,LY,2022-08-02 02:54:30
429,Muravlenko,63.7898,74.523,58.26,54,6,12.46,RU,2022-08-02 02:54:30
430,Brigantine,39.4101,-74.3646,74.01,94,17,3.44,US,2022-08-02 02:54:31
431,Coihaique,-45.5752,-72.0662,35.55,80,0,3.44,CL,2022-08-02 02:54:31
432,Jaru,-10.4389,-62.4664,76.06,42,75,2.24,BR,2022-08-02 02:54:31
433,Kurilsk,45.2333,147.8833,58.1,76,41,9.69,RU,2022-08-02 02:54:32
434,Motril,36.7507,-3.5179,83.26,71,0,2.3,ES,2022-08-02 02:54:32
435,Deogarh,21.5333,84.7333,86.83,65,100,1.41,IN,2022-08-02 02:54:33
436,Anisoc,1.8658,10.7689,66.6,97,93,1.77,GQ,2022-08-02 02:54:33
437,Plymouth,41.8334,-70.8328,71.15,86,20,0.0,US,2022-08-02 02:50:50
438,Mocajuba,-2.5842,-49.5072,71.94,98,68,2.3,BR,2022-08-02 02:54:33
439,Puerto Madero,14.7208,-92.4215,82.62,78,22,1.81,MX,2022-08-02 02:54:34
440,Juegang,32.3174,121.1855,92.91,68,3,6.73,CN,2022-08-02 02:54:34
441,Farafangana,-22.8167,47.8333,67.3,86,69,10.04,MG,2022-08-02 02:54:35
442,Aran,40.6253,46.9756,76.89,60,2,2.55,AZ,2022-08-02 02:54:35
443,Bereda,43.2686,-7.5406,65.14,100,72,4.43,ES,2022-08-02 02:54:35
444,Menomonie,44.8755,-91.9193,73.44,60,0,0.0,US,2022-08-02 02:54:36
445,Barrhead,55.7992,-4.3929,66.02,90,100,16.11,GB,2022-08-02 02:54:36
446,Santa Rosa Del Sur,7.9644,-74.0544,70.12,90,100,2.95,CO,2022-08-02 02:54:37
447,Kushima,31.4583,131.2333,87.84,67,95,6.44,JP,2022-08-02 02:54:37
448,Fortuna,40.5982,-124.1573,65.93,76,81,1.01,US,2022-08-02 02:54:37
449,Sur,22.5667,59.5289,87.84,63,13,3.47,OM,2022-08-02 02:54:38
450,Lasa,46.6166,10.7002,61.68,83,100,2.1,IT,2022-08-02 02:53:54
451,Yumen,40.2833,97.2,74.7,46,85,10.36,CN,2022-08-02 02:54:37
452,Verkhnyaya Inta,65.9811,60.3094,66.06,48,23,3.49,RU,2022-08-02 02:54:38
453,Napanee,44.2501,-76.9494,75.24,65,79,8.48,CA,2022-08-02 02:54:39
454,Jejuri,18.2833,74.1667,74.07,78,100,8.72,IN,2022-08-02 02:54:39
455,Gornopravdinsk,60.05,69.9,61.97,54,3,6.44,RU,2022-08-02 02:54:39
456,Tiszaszentimre,47.4833,20.7333,63.82,60,9,3.69,HU,2022-08-02 02:54:40
457,Alyangula,-13.8483,136.4192,80.69,61,69,9.86,AU,2022-08-02 02:55:22
458,Valparaiso,-33.0393,-71.6273,53.47,85,100,6.91,CL,2022-08-02 02:52:15
459,Sayyan,15.1718,44.3244,56.32,87,51,7.16,YE,2022-08-02 02:55:40
460,Nurota,40.5614,65.6886,78.31,30,97,11.7,UZ,2022-08-02 02:55:40
461,Ruy Barbosa,-12.2839,-40.4939,63.07,98,3,1.81,BR,2022-08-02 02:55:41
462,Voloshka,61.3314,40.0858,56.73,77,100,4.27,RU,2022-08-02 02:55:41
463,Kachiry,53.0675,76.1036,64.63,59,71,12.91,KZ,2022-08-02 02:55:41
464,Nanortalik,60.1432,-45.2371,45.45,73,100,10.92,GL,2022-08-02 02:55:42
465,Kavieng,-2.5744,150.7967,83.53,74,98,14.52,PG,2022-08-02 02:53:39
466,Waddan,29.1614,16.139,77.65,65,0,4.16,LY,2022-08-02 02:55:42
467,Sangueya,10.7,-14.3667,72.99,96,99,3.51,GN,2022-08-02 02:55:42
468,Nantucket,41.2835,-70.0995,69.91,94,100,0.0,US,2022-08-02 02:55:43
469,Shingu,33.7333,135.9833,91.62,55,100,4.94,JP,2022-08-02 02:55:43
470,Madison,34.7334,-86.5667,75.88,96,0,8.01,US,2022-08-02 02:55:43
471,Ixtapa,20.7,-105.2,78.06,94,81,1.7,MX,2022-08-02 02:55:44
472,Usinsk,65.9939,57.5281,64.49,51,67,14.74,RU,2022-08-02 02:55:44
473,Ouesso,1.6136,16.0517,69.87,81,84,2.39,CG,2022-08-02 02:55:44
474,Constantine,36.365,6.6147,69.21,49,0,2.3,DZ,2022-08-02 02:55:45
475,Aswan,24.0934,32.907,87.1,23,0,11.5,EG,2022-08-02 02:54:52
476,Tres Arroyos,-38.3739,-60.2798,52.16,73,100,7.25,AR,2022-08-02 02:55:45
477,Tessalit,20.1986,1.0114,91.15,31,6,18.14,ML,2022-08-02 02:51:27
478,Khorixas,-20.3667,14.9667,37.69,84,0,2.01,NA,2022-08-02 02:55:46
479,Taree,-31.9,152.4667,68.05,48,0,2.59,AU,2022-08-02 02:55:46
480,Puerto Suarez,-18.95,-57.8,72.23,41,0,3.02,BO,2022-08-02 02:55:46
481,Kosa,59.9445,54.9977,59.68,68,78,4.12,RU,2022-08-02 02:55:47
482,La Libertad,-2.2333,-80.9,68.94,83,90,10.58,EC,2022-08-02 02:55:47
483,Hokitika,-42.7167,170.9667,54.57,89,100,24.09,NZ,2022-08-02 02:55:47
484,Peniche,39.3558,-9.3811,67.1,97,0,5.95,PT,2022-08-02 02:55:48
485,Folkestone,51.0833,1.1833,64.33,90,100,24.0,GB,2022-08-02 02:55:48
486,Turku,60.4515,22.2687,61.95,100,73,1.14,FI,2022-08-02 02:55:48
487,Namatanai,-3.6667,152.4333,83.43,71,93,12.97,PG,2022-08-02 02:55:49
488,Novozybkov,52.5396,31.9275,67.57,65,100,5.3,RU,2022-08-02 02:55:49
489,Oranjestad,12.524,-70.027,82.35,83,20,17.27,AW,2022-08-02 02:55:49
490,Hammerfest,70.6634,23.6821,57.65,72,0,1.14,NO,2022-08-02 02:55:50
491,Mao,39.8885,4.2658,73.96,73,0,4.61,ES,2022-08-02 02:55:50
492,Samana,19.2056,-69.3369,80.69,77,56,7.14,DO,2022-08-02 02:55:50
493,Penzance,50.1186,-5.5371,63.28,94,99,16.22,GB,2022-08-02 02:55:50
494,Staryy Nadym,65.6118,72.6842,59.34,58,25,6.55,RU,2022-08-02 02:55:51
495,Yanaul,56.2719,54.9309,62.71,87,96,6.69,RU,2022-08-02 02:55:51
496,Bombay,19.0144,72.8479,84.18,84,40,9.22,IN,2022-08-02 02:52:20
497,Eyl,7.9803,49.8164,76.48,62,0,17.31,SO,2022-08-02 02:55:51
498,Pinawa,50.1489,-95.8811,57.18,87,3,2.91,CA,2022-08-02 02:55:52
499,Rabaul,-4.1967,152.1721,84.11,68,78,9.86,PG,2022-08-02 02:55:52
500,Jeremie,18.65,-74.1167,81.48,83,46,5.3,HT,2022-08-02 02:55:52
501,Mozelos,41.8677,-8.3978,74.88,53,0,3.22,PT,2022-08-02 02:55:53
502,Hit,33.6416,42.8251,93.56,19,0,5.86,IQ,2022-08-02 02:55:53
503,Kalmar,56.6616,16.3616,56.97,93,46,5.01,SE,2022-08-02 02:51:04
504,Wynyard,-41.0,145.7167,56.98,68,100,11.92,AU,2022-08-02 02:55:53
505,Catuday,16.2923,119.8062,79.56,77,100,8.97,PH,2022-08-02 02:55:54
506,Beyneu,45.3167,55.2,83.03,36,7,6.71,KZ,2022-08-02 02:56:54
507,Tieli,46.95,128.05,86.32,55,98,8.37,CN,2022-08-02 02:56:54
508,Collie,-33.3667,116.15,49.46,81,94,14.67,AU,2022-08-02 02:56:55
509,Rawson,-43.3002,-65.1023,43.66,52,22,8.5,AR,2022-08-02 02:56:55
510,Gushikawa,26.3544,127.8686,88.83,70,6,11.27,JP,2022-08-02 02:56:55
511,Praia Da Vitoria,38.7333,-27.0667,71.85,88,20,6.08,PT,2022-08-02 02:56:56
512,Jiaojiang,28.6803,121.4428,90.0,72,99,6.98,CN,2022-08-02 02:56:56
513,Varhaug,58.6147,5.6457,56.89,74,100,14.88,NO,2022-08-02 02:56:56
514,Pimentel,-6.8367,-79.9342,62.28,89,5,10.94,PE,2022-08-02 02:56:57
515,Brewster,41.3973,-73.6171,70.29,95,38,3.85,US,2022-08-02 02:56:57
516,Los Llanos De Aridane,28.6585,-17.9182,68.13,91,0,17.27,ES,2022-08-02 02:56:57
517,Kichera,55.9375,110.0997,73.92,60,80,1.77,RU,2022-08-02 02:56:58
518,Grindavik,63.8424,-22.4338,46.87,81,75,16.11,IS,2022-08-02 02:56:58
519,Byron Bay,-28.65,153.6167,70.95,59,8,8.81,AU,2022-08-02 02:55:14
520,Mareeba,-17.0,145.4333,80.44,59,68,7.54,AU,2022-08-02 02:56:58
521,Newport,51.5877,-2.9984,67.68,87,100,16.26,GB,2022-08-02 02:55:45
522,Mizil,45.0167,26.45,64.51,78,8,3.18,RO,2022-08-02 02:56:59
523,Nouadhibou,20.931,-17.0347,73.38,88,75,9.22,MR,2022-08-02 02:55:16
524,Bacolod,10.6667,122.95,85.03,72,100,4.54,PH,2022-08-02 02:56:59
525,Douentza,14.9951,-2.9517,77.97,68,33,4.05,ML,2022-08-02 02:57:00
526,Minot,48.2325,-101.2963,69.8,70,0,16.28,US,2022-08-02 02:57:00
527,San Patricio,28.017,-97.5169,85.53,70,0,14.85,US,2022-08-02 02:57:00
528,Wundanyi,-3.4019,38.364,57.27,81,85,6.33,KE,2022-08-02 02:57:01
529,Lebyazhye,55.2689,66.4947,60.91,71,42,9.26,RU,2022-08-02 02:57:01
530,Wysokie Mazowieckie,52.9166,22.5171,55.0,91,7,3.85,PL,2022-08-02 02:57:01
531,Flin Flon,54.7682,-101.865,60.71,55,88,4.34,CA,2022-08-02 02:57:01
532,Nome,64.5011,-165.4064,64.17,75,100,7.74,US,2022-08-02 02:57:02
533,Pitimbu,-7.4706,-34.8086,75.79,85,59,12.91,BR,2022-08-02 02:57:02
534,Maragogi,-9.0122,-35.2225,72.81,88,74,8.86,BR,2022-08-02 02:57:03
535,Bukoba,-1.3317,31.8122,67.14,81,98,3.04,TZ,2022-08-02 02:57:03
536,De Aar,-30.6497,24.0123,49.12,51,10,4.25,ZA,2022-08-02 02:57:04
537,Port Hueneme,34.1478,-119.1951,81.52,83,100,4.0,US,2022-08-02 02:57:04
538,Ormara,25.2088,64.6357,81.55,86,97,10.27,PK,2022-08-02 02:57:04
539,Sassandra,4.95,-6.0833,72.72,83,100,6.29,CI,2022-08-02 02:57:05
540,Gasa,31.5,34.4667,75.88,83,8,3.85,PS,2022-08-02 02:54:02
541,Arona,28.0996,-16.681,64.92,83,0,4.61,ES,2022-08-02 02:57:06
542,Gizo,-8.103,156.8419,85.98,60,17,6.15,SB,2022-08-02 02:57:06
543,Hambantota,6.1241,81.1185,79.14,89,75,8.05,LK,2022-08-02 02:55:32
544,Hofn,64.2539,-15.2082,48.54,77,87,11.05,IS,2022-08-02 02:53:57
545,Goshogawara,40.8044,140.4414,81.1,80,79,13.94,JP,2022-08-02 02:57:07
